customer_id,loan_id,branch_id,loan_amount,first_name,last_name,city,phone_number,occupation,dob
C00001,L00218,B00025,7799194,Timothy,Nelson,Davidville,1592081539,Magician,1915-09-03
C00002,L00345,B00011,8190077,Courtney,Farley,Port Charlesberg,9356145501,Scientist,1922-05-11
C00003,L00026,B00023,4600503,Sheena,Solis,New John,4311466522,Businessman,1933-10-27
C00013,L00169,B00004,4757387,Michael,Clark,East Maxwell,582686100,Architect,1960-11-07
C00015,L00329,B00008,3238810,Wayne,Daugherty,North Morgan,1742353832,Police officer,1961-07-01
C00016,L00151,B00042,2483094,Sharon,Gutierrez,South Joanneland,3990712774,Repairman,1994-05-10
C00017,L00451,B00007,3966487,Jennifer,Vasquez,South Erin,5394311250,Painter,1983-06-02
C00018,L00183,B00039,3819251,Howard,Lopez,East Renee,7738800649,Photographer,1939-04-01
C00020,L00412,B00048,7583436,Colin,Andrews,Nguyenborough,513207155,Paramedic,1935-07-19
C00021,L00156,B00034,4182701,Michael,Barnett,Davisport,2663819972,Pilot,1985-04-14
C00022,L00465,B00010,4513842,Bonnie,Reynolds,Espinozahaven,3118043227,Soldier,2003-06-25
C00028,L00478,B00010,1116682,Cynthia,Hobbs,Theodoreville,8022006537,Doorman,1944-04-10
C00029,L00115,B00033,5730149,Laurie,Bonilla,Whitneychester,3168277850,Diver,1921-10-11
C00031,L00138,B00006,50973,Robert,Reed,North Kelly,9938164073,Boxer,1998-07-01
C00032,L00007,B00046,194330,Brandon,Austin,Gregoryhaven,7090917820,Geisha,1957-08-09
C00033,L00182,B00037,7316061,Allison,Knight,Travisborough,5118215456,Professor,1970-06-02
C00034,L00157,B00014,1237414,Gwendolyn,Martin,Morrisonmouth,6420667673,Geisha,1978-03-01
C00037,L00247,B00029,3239250,Tammy,Estrada,Abigailfort,7701386275,Journalist,1939-03-14
C00038,L00402,B00015,8859429,Jessica,Martinez,West Anthony,1939995251,Surgeon,1982-11-07
C00043,L00248,B00030,6250269,Justin,Anderson,South Johnathanstad,8609339016,Scientist,1975-03-04
C00044,L00380,B00021,9835708,Nicole,Wood,West Amyfort,2060061072,Singer,1930-12-24
C00045,L00271,B00003,380134,Benjamin,Jones,West Benjamin,2781002995,Pirate,1927-08-22
C00046,L00173,B00019,3458325,Daniel,Fox,West Adam,2606968604,Priest,1933-11-19
C00047,L00347,B00023,6242047,Jeremiah,Johnson,New Heather,5663595216,Gardener,2002-01-14
C00049,L00051,B00010,8188634,Jillian,Thornton,Frankfurt,7951077572,Police officer,1919-09-08
C00050,L00383,B00039,8906264,Joshua,Soto,East Bruce,481719479,American football player,1984-04-02
C00051,L00087,B00023,9699074,Eric,Jones,Port Phyllisland,2023342359,American football player,1976-10-02
C00052,L00049,B00009,5270078,Emily,Holland,Taylorville,3710651540,Doorman,1977-09-03
C00057,L00047,B00036,3502629,Megan,Carter,East Stephen,4377380822,Electrician,1912-09-18
C00061,L00012,B00040,8830159,Stephanie,Hall,Lake Christinefort,6240043672,Painter,1939-06-29
C00064,L00155,B00036,605593,Monica,Bauer,New Andrewport,9689132773,Engineer,2000-11-12
C00065,L00024,B00027,7989923,Mark,Frank,Randyton,6420765259,Businessman,1917-01-15
C00067,L00261,B00040,9164780,Dana,Pitts,Kennethtown,4578763693,Housewife,1974-02-05
C00068,L00010,B00031,6950491,Dennis,Anderson,Port Rachel,7605534273,Doctor,1982-10-08
C00070,L00257,B00030,4175936,Brandon,Rogers,Ponceland,3989065746,Magician,1964-04-22
C00072,L00339,B00017,7778957,Louis,Villarreal,Kaitlynchester,553937739,Nurse,1972-01-16
C00073,L00381,B00002,4817071,Stacy,Roth,Jacobville,7886666795,Librarian,1949-09-23
C00074,L00121,B00037,1509258,Brittney,Hull,Port Deannafort,5277226024,Train conductor,1993-11-05
C00076,L00338,B00047,1963228,Taylor,Jefferson,South Kimberly,5276040886,Professor,1947-03-30
C00077,L00449,B00036,3153242,Ashley,Rivera,Lake Erika,8333768974,American football player,1981-09-24
C00078,L00196,B00020,679675,Adam,Bowen,Matthewland,3510968113,Scientist,1921-09-18
C00081,L00236,B00005,710946,Cassandra,Anderson,Walshside,2108219051,Photographer,1973-12-20
C00084,L00117,B00019,6887339,John,Phillips,Jeremiahberg,9865603634,Journalist,1957-05-26
C00085,L00177,B00025,1446592,Amy,Sanchez,Hillchester,3313438454,Repairman,2003-08-18
C00086,L00184,B00007,7249491,Robert,Taylor,South Meganland,1861864423,Clown,1945-01-06
C00089,L00499,B00004,8191998,Justin,Rogers,South Christianmouth,9372755391,Builder,1936-11-25
C00092,L00061,B00047,4384952,Amanda,Coleman,North Johnmouth,550723277,Lunchroom supervisor,1967-08-07
C00093,L00125,B00001,375700,Amanda,Martinez,Andrewburgh,7283060844,Professor,1979-08-12
C00094,L00500,B00041,2769053,Brittany,Padilla,Johnmouth,8809642786,Pirate,1965-06-12
C00095,L00191,B00039,4728242,Nicholas,Chavez,Santiagoland,8707896169,American football player,1931-09-08
C00097,L00005,B00022,8802165,Matthew,Bush,Welchfurt,3637847712,Singer,1959-03-26
C00098,L00270,B00025,2732407,Juan,Green,North Steventown,5315720080,Pilot,1923-01-10
C00099,L00310,B00039,460677,Randy,Garcia,North Nathan,5087179308,Nurse,1913-06-26
C00101,L00337,B00010,6017282,Anthony,Randolph,Port Justin,5505156129,Waiter,1980-09-20
C00102,L00123,B00012,7163230,Kathryn,Griffin,Brittanytown,3014653382,Priest,1991-03-24
C00107,L00311,B00039,1276192,Kristina,Myers,East Benjaminshire,5650626795,Magician,1983-03-03
C00108,L00144,B00035,3192074,Raymond,Gonzalez,New Kenneth,5659043935,Diver,1958-06-18
C00112,L00313,B00027,8137845,Jodi,Dunn,Lawsonton,7900024441,Pirate,1952-09-30
C00114,L00285,B00023,6764418,Donna,Edwards,Port Alexander,3994752874,American football player,1926-04-28
C00116,L00254,B00016,7349141,Megan,Hughes,East Andrew,8266444839,Photographer,1981-05-14
C00118,L00291,B00039,5992384,David,Murray,Lake Daniel,1981222636,Footballer,1982-01-09
C00122,L00078,B00035,8500700,Kevin,Vance,South Aliciafort,427247000,Painter,1917-12-03
C00123,L00014,B00011,9179391,Lisa,Ross,Stewartland,1261674860,Engineer,1969-04-08
C00124,L00475,B00020,3523512,Christina,Montgomery,Amyville,5970912068,Professor,1914-10-26
C00125,L00164,B00011,3213118,Andrea,Guzman,Yorkville,7199934291,Farmer,1925-04-17
C00127,L00262,B00025,2538129,Julie,Carpenter,Pagefurt,6604764870,Footballer,1948-08-08
C00129,L00365,B00012,8316460,Cindy,Gallegos,Jacksonborough,4571782083,Priest,1938-05-16
C00131,L00400,B00015,9154822,Bradley,Dixon,East Adamhaven,2322239140,Secretary,2001-10-20
C00132,L00427,B00037,5074396,Christopher,Johnson,Rebekahhaven,4835472307,Dentist,1934-06-03
C00133,L00128,B00010,7633409,Patrick,Watson,Lake Kennethmouth,1674044570,Catholic nun,1935-07-15
C00135,L00185,B00005,5666213,Marisa,Holt,Candicemouth,9579466356,Catholic nun,1925-02-17
C00136,L00042,B00046,5435211,Kirk,Barnes,Brendabury,9711886725,Footballer,1967-07-06
C00139,L00072,B00002,9947049,Kimberly,Garcia,East Anthonyside,5303922525,Fireman,2003-06-16
C00143,L00389,B00030,382920,John,Jenkins,Shariview,1256711588,Clown,1996-10-08
C00148,L00290,B00032,6773476,Daniel,Morrow,Port Tonyaberg,6111383880,Doorman,1953-09-03
C00149,L00258,B00041,7896441,Brittney,Murray,Lake Marcusfurt,6220363030,Paramedic,1931-06-14
C00151,L00088,B00016,7945069,Alicia,Frederick,South Davidmouth,4688569605,Footballer,1917-06-05
C00152,L00251,B00016,5021930,Donna,Cooper,Lake Jeremiahport,3253907221,Scientist,1986-05-05
C00153,L00186,B00042,3238885,Elijah,Graham,Ruizport,8978017504,Footballer,1921-06-12
C00155,L00200,B00021,1288268,Michael,Mcintyre,West Thomasborough,4267874140,Singer,1921-05-25
C00159,L00416,B00018,4935759,Cathy,Peterson,Powersport,2139730819,Salesman,2002-04-04
C00160,L00104,B00026,773990,Stephanie,Carter,New Anthony,7464359137,Soldier,1919-06-25
C00162,L00413,B00046,3776666,Joann,Davis,West Claudia,1898901410,Mechanic,2001-12-14
C00164,L00393,B00005,9333302,Mary,Pollard,New Jennifer,3022695282,Secretary,1954-01-12
C00168,L00425,B00032,3367026,Alan,Bauer,Molinafort,6613973,Postman,1920-02-20
C00175,L00053,B00028,551776,Lynn,Hill,Fryeville,2924801789,Doorman,1954-04-14
C00177,L00350,B00017,6987901,Anthony,Rodriguez,New Steven,9852185350,Scientist,1981-08-05
C00180,L00207,B00018,8463744,Zachary,Hubbard,North Danielbury,3560962309,Doctor,1962-03-13
C00181,L00294,B00043,4526087,Kenneth,Mcbride,West Angelicaville,7710637464,Geisha,1948-05-08
C00182,L00198,B00002,1887270,Amanda,Aguilar,West Josephville,7391902150,Carpenter,1981-12-08
C00186,L00080,B00037,2241766,Brian,Durham,New Sandra,7863175316,Geisha,1942-06-07
C00188,L00316,B00023,9039154,Edwin,Madden,Charlesmouth,6429627597,Secretary,1962-04-15
C00190,L00116,B00022,1409555,Sara,Miller,Melaniehaven,4334984742,Lunchroom supervisor,1925-04-11
C00191,L00021,B00044,550458,Kayla,Hancock,South William,4597765439,Pirate,1922-10-01
C00192,L00492,B00023,2847568,Kimberly,Martinez,North Morgan,6414963963,American football player,1980-06-13
C00193,L00209,B00020,1645972,Ashley,Anderson,North Matthewbury,3417194722,Doorman,1974-09-17
C00194,L00237,B00008,8651993,Christopher,Benton,Summerland,3083116317,Journalist,1971-02-10
C00195,L00388,B00008,7290743,Tammie,Cruz,South Jamie,3393812460,Businessman,1971-09-19
C00200,L00464,B00038,6191481,Dennis,White,Lake Mark,1566286207,Flight attendant,1995-08-23
C00201,L00211,B00024,9540513,Elijah,Stone,New Christophertown,5613008899,Construction worker,1954-07-23
C00202,L00289,B00029,9554806,Raymond,Hill,North Ashley,3839502196,Pilot,1961-11-06
C00203,L00392,B00006,4031374,Aimee,Spence,Raymondside,3557982575,Flight attendant,2005-06-19
C00204,L00102,B00009,5301178,Jason,Hoffman,North Karenchester,3143534817,Police officer,1973-09-05
C00207,L00487,B00001,9619271,Teresa,Hall,Lake Holly,843313040,Fireman,1971-07-02
C00208,L00497,B00021,8541952,Gary,Bailey,East Mistyside,4840157557,Diver,1998-05-20
C00212,L00219,B00042,1912222,Jessica,Turner,West Robertborough,8224767749,Mechanic,2000-11-20
C00213,L00358,B00042,1151580,Stephanie,Romero,Michaelbury,1461047513,Pilot,2002-08-09
C00214,L00055,B00041,4715178,Heather,Diaz,Stephenberg,4193502146,Electrician,1919-02-21
C00216,L00071,B00045,2805117,Dawn,Simmons,Rogertown,8419746030,Construction worker,1924-08-03
C00217,L00379,B00045,601310,Christian,Elliott,West Jessicachester,8895151575,Cameraman,1968-08-09
C00218,L00025,B00041,1960183,Judith,Manning,West Joelchester,8272325382,Detective,1999-12-21
C00219,L00215,B00020,5155730,Christopher,Jackson,South Dianafort,2871083112,Engineer,1946-07-01
C00220,L00176,B00045,1421971,Amanda,Holmes,New Kevin,970432168,Journalist,1995-03-31
C00222,L00153,B00050,9808661,Carolyn,Conley,Robertland,3624337155,Engineer,1948-02-29
C00224,L00141,B00013,9009884,Robert,Lambert,West Jeff,2802118938,Scientist,1932-05-27
C00225,L00276,B00050,8976041,Alicia,Campbell,Davidchester,3364051752,Librarian,1928-08-21
C00226,L00084,B00048,8344205,April,Gilbert,Conleyburgh,4425271973,Lifeguard,1957-03-01
C00228,L00103,B00015,5060788,Christopher,Brown,Paultown,9058719935,Pilot,1996-12-01
C00230,L00414,B00043,4496534,William,Stanley,Glennhaven,2573626197,Magician,1947-11-14
C00231,L00112,B00029,5942003,Diana,Taylor,Georgehaven,5821189260,Mechanic,1949-02-16
C00234,L00016,B00027,5514197,Jamie,Brown,Scottmouth,6608535827,Pope,1955-08-31
C00235,L00255,B00049,2861517,William,King,South Emily,5378593609,Surgeon,1993-03-27
C00237,L00390,B00036,8480067,Ronald,Martin,Westville,2060319841,Singer,2005-02-16
C00238,L00066,B00006,3668995,Casey,Stout,Derekstad,1740126126,Librarian,1948-07-17
C00240,L00442,B00031,3752940,Jason,Jones,Port Robert,7067732921,Architect,1932-03-21
C00241,L00172,B00038,7559499,Sonya,Hart,Mirandaberg,3729137404,Lunchroom supervisor,1998-04-25
C00242,L00091,B00039,144078,Dawn,Martinez,Blakefort,9776074394,Postman,1952-08-30
C00243,L00446,B00043,6193013,Jason,Clarke,New Oliviatown,7734578395,Priest,1916-03-31
C00245,L00467,B00042,990091,Trevor,Cole,Alvarezfurt,5566057830,Student,1956-05-23
C00247,L00150,B00025,1126694,Jennifer,Koch,Dixonfort,9758183321,Paramedic,1996-02-19
C00249,L00403,B00004,3942603,Kim,Pope,New Jeremy,1825253384,Priest,1980-05-12
C00251,L00300,B00032,6999280,Jessica,Price,Jacobstad,4486157436,Soldier,1946-07-05
C00253,L00126,B00009,7767952,Jill,Foster,South Samanthaborough,9654776319,Postman,1936-03-31
C00254,L00468,B00010,3079744,Stephen,Jones,Huffmanchester,7223417558,Priest,2005-01-30
C00256,L00417,B00001,8567088,Victoria,Bell,Port Stacey,1331322485,Doctor,1991-09-19
C00258,L00362,B00007,687404,Amanda,Phillips,Geraldstad,3015188479,Librarian,1979-11-28
C00259,L00241,B00029,3974074,Lisa,Hays,Port Richardchester,4390914359,Architect,1963-01-02
C00260,L00213,B00023,8525432,Becky,Harrison,Austinfurt,4513290128,Architect,1993-09-29
C00262,L00366,B00028,845675,Brittney,Kelly,Bowmanton,3705554737,Catholic nun,1973-10-25
C00263,L00059,B00003,9272674,Jenna,Collins,Jasonchester,8823760819,Carpenter,1998-03-04
C00264,L00181,B00041,6140665,Dan,Patel,East Melvin,3523014813,Magician,1991-12-02
C00265,L00409,B00047,3241397,Danny,Gross,Port Amanda,6950533927,Librarian,1934-03-30
C00267,L00305,B00047,4286693,Melissa,Hill,South Staceyfurt,5513866065,Scientist,2003-02-19
C00272,L00284,B00001,501676,Shawn,Peterson,Zhangmouth,6430605378,Construction worker,1939-06-09
C00273,L00424,B00004,3727040,Brittany,Stone,South Lesliechester,2260374390,Architect,2002-09-09
C00274,L00095,B00035,808086,Nicole,West,Bradleyshire,6297921158,Diver,1969-02-26
C00276,L00302,B00020,6400750,Patricia,Parker,Lawsonview,3511066746,Pirate,1993-01-08
C00278,L00108,B00011,2540369,Timothy,Preston,Elizabethstad,5658316945,Catholic nun,1920-10-29
C00279,L00074,B00007,5338116,Abigail,Mason,Port Kellyville,2667384462,Salesman,1965-09-16
C00281,L00343,B00012,5020678,Theresa,Cowan,East Melindastad,2567310483,Detective,1930-09-09
C00285,L00348,B00029,1415593,Jason,Hayes,Alisonton,7059789533,Student,1962-09-26
C00286,L00321,B00047,7108304,Eric,Thomas,Rossport,4764623430,Surgeon,1927-06-05
C00287,L00266,B00021,9935534,Samantha,Phillips,Lake Andrewburgh,4745838383,Magician,1940-09-21
C00288,L00263,B00020,9325703,Jane,Caldwell,South Anna,8228813556,Housewife,1971-02-27
C00289,L00438,B00042,1003917,Aaron,Bates,South Susanside,3216481895,Lifeguard,1986-06-08
C00291,L00318,B00012,7321602,Michelle,Hogan,Alvarezport,3836455359,Businessman,1921-10-18
C00296,L00242,B00028,4026618,Kimberly,Johnson,Bellshire,4809087756,Surgeon,1931-04-24
C00300,L00046,B00044,4085396,Daniel,Diaz,New Rachelhaven,8335343919,Soldier,1943-03-18
C00302,L00293,B00041,7599896,Nicholas,Mathews,South Andrea,8667129669,Police officer,1964-04-27
C00303,L00030,B00018,8146064,Donna,Allen,Port Gregorychester,9570444045,Cameraman,1931-10-11
C00304,L00158,B00048,9972186,Laurie,Johnson,Port Janet,6485293178,Foreman,1930-09-05
C00305,L00106,B00027,6629976,John,Roman,South Matthewport,6352869747,Secretary,1992-07-30
C00307,L00298,B00020,5896737,Daniel,Morrison,North Joshuahaven,4161730709,Architect,1961-07-25
C00308,L00017,B00012,2882217,Christopher,Mcpherson,Johnsonmouth,6363030299,Pilot,1952-01-11
C00309,L00265,B00025,7694263,Adam,Mcgee,New Janetchester,2663056070,Waiter,1919-05-16
C00312,L00408,B00049,3665044,Edgar,Sullivan,North Trevorland,3948930195,Reporter,1998-07-27
C00313,L00315,B00024,4943688,Michael,Lee,West Justin,2968908184,Pirate,1938-11-27
C00314,L00152,B00047,225786,Michael,Hall,East William,4598574888,Surgeon,1948-11-13
C00316,L00038,B00023,7310232,Robin,Baird,Gonzalezbury,4008290972,Construction worker,1963-02-07
C00317,L00199,B00010,4439453,Michael,Nelson,Petersonstad,5492870853,Housekeeper,1962-07-11
C00318,L00437,B00007,5221935,Jordan,Scott,West Susan,6630362669,Lunchroom supervisor,1983-12-22
C00319,L00109,B00014,261694,Steven,Shields,Stewartview,4304659481,Scientist,1957-08-18
C00320,L00019,B00002,2229800,Anthony,Yates,Lake Danaview,3356291133,Waiter,1929-09-06
C00323,L00208,B00023,2587520,Jose,Brown,New Tanyatown,3428799003,Farmer,1982-12-23
C00324,L00422,B00019,555152,Marissa,Cain,Alvarezborough,1620042445,Salesman,1968-01-11
C00328,L00445,B00009,8286695,Angela,Anderson,Ronaldside,8953160910,Journalist,1977-01-21
C00330,L00094,B00041,653621,Amanda,Frye,Port Derrickmouth,7788297347,Repairman,1970-08-21
C00331,L00405,B00007,6689056,Amanda,Heath,Jensenfurt,839163788,Electrician,1994-12-21
C00332,L00040,B00014,4337724,Danny,Leonard,Rodriguezchester,977319719,Priest,1970-01-07
C00335,L00306,B00024,5948883,Cindy,Luna,Robertmouth,2076871615,Waiter,1919-11-25
C00336,L00148,B00002,9092574,Linda,Nolan,Wardstad,9671638007,Repairman,2003-01-06
C00338,L00097,B00010,3755725,Randy,Simpson,New Patrick,2436845484,Businessman,1998-01-14
C00340,L00472,B00034,3977832,Randall,Moore,North Angela,7157634986,Magician,1968-07-26
C00341,L00001,B00033,6411642,Jacob,Johnson,Cookland,6896487297,Pilot,1987-05-18
C00344,L00002,B00009,7470012,Kelly,Young,North Phillipbury,8976125426,Housekeeper,1928-09-29
C00348,L00279,B00029,5879725,Helen,Brown,Greenburgh,8935004817,Detective,1924-05-21
C00349,L00060,B00018,2590634,Desiree,Gardner,Stanleyhaven,1712756397,Paramedic,2001-02-04
C00350,L00301,B00027,9244133,Ryan,Wallace,Kimberlytown,5066913910,Lunchroom supervisor,1982-11-28
C00351,L00143,B00035,4043106,Anthony,Perkins,New Stanley,6812170094,Cameraman,2001-01-19
C00352,L00470,B00043,612819,Danny,Mccormick,Williamsland,3263663652,American football player,1953-07-01
C00354,L00323,B00032,996971,Melissa,Spence,South Angelatown,533734490,Lifeguard,1972-01-09
C00356,L00221,B00006,2495554,Sherry,Smith,Port Davidbury,7285172007,Architect,1921-02-19
C00359,L00099,B00029,3699868,Paul,Wilson,South Christian,579965191,Carpenter,1961-11-11
C00360,L00463,B00030,4267791,Arthur,Randall,Jonmouth,5869179920,Repairman,1928-01-05
C00361,L00344,B00034,1640792,Theresa,Hall,Hebertmouth,1753316846,Lunchroom supervisor,1930-08-29
C00362,L00020,B00021,7767855,Abigail,Smith,Mullinsville,9801154635,Pilot,1938-10-27
C00363,L00035,B00016,3067949,Haley,Blake,Smithmouth,5613206962,Secretary,1943-07-26
C00365,L00391,B00030,5719188,Joseph,Mills,Paulville,342940297,Construction worker,2003-11-14
C00366,L00163,B00009,3280650,Emily,Clark,Johnsonburgh,5016491038,Mechanic,1915-04-25
C00367,L00023,B00028,1211804,Connor,Wright,South Angelaport,8652096362,Fireman,1975-10-10
C00368,L00426,B00012,4611815,Jessica,Miles,South Bethany,4244961209,Farmer,2002-09-18
C00370,L00029,B00041,5828369,Eric,Mcguire,New Christopher,4647185819,Paramedic,1937-09-03
C00376,L00092,B00019,6556505,Mary,Strong,New Amanda,428914589,Lunchroom supervisor,1947-01-15
C00377,L00230,B00047,3121665,Michael,Morris,New Emilyberg,8715816993,Paramedic,1967-06-15
C00378,L00161,B00031,996698,Michele,Hernandez,West Heatherberg,7725428977,Carpenter,1946-08-04
C00380,L00234,B00005,6746383,Cody,Huang,New Nathanielfort,9135794326,Housewife,1936-11-08
C00381,L00420,B00017,7848088,Kim,White,Lake Deanna,4975019101,Train conductor,1943-08-26
C00382,L00494,B00025,6762503,Juan,Ali,Bishopview,7557102463,Housekeeper,1939-09-28
C00384,L00189,B00031,7735656,Christopher,Anderson,West Lauren,2117273309,Carpenter,1922-06-05
C00386,L00031,B00040,1177728,April,Thompson,Lake Cathyfurt,8582075239,Police officer,1979-02-28
C00387,L00444,B00018,1879614,Daniel,Andrade,Wangland,4853452576,Scientist,1937-08-09
C00388,L00418,B00007,5328450,Jeff,Foster,Port Zacharymouth,8177939485,Paramedic,1951-11-08
C00391,L00045,B00034,6117505,Paul,Welch,South Jeffery,8337615786,Nurse,1977-04-02
C00393,L00498,B00022,8049699,Laura,Martinez,West Brittany,9590808224,Builder,1969-09-19
C00394,L00253,B00034,1371758,Yolanda,Davis,New Jesseburgh,5301657129,Flight attendant,1958-06-12
C00395,L00397,B00042,8020687,Julie,Jenkins,West Amy,9687649028,Construction worker,1914-05-13
C00396,L00342,B00047,722624,Carlos,Pearson,West Ann,500291475,Forest ranger,1950-09-28
C00402,L00352,B00039,5822559,Judith,Bell,Garciafurt,3326885522,Paramedic,1928-12-14
C00413,L00292,B00006,601951,Herbert,Cox,Masseyland,9533493632,Mechanic,1995-12-17
C00414,L00272,B00021,2627938,Michael,Jones,New Christopher,6552877610,Diver,1943-12-29
C00423,L00089,B00050,409676,Jessica,Reid,East Josemouth,8488759932,Scientist,1969-03-01
C00424,L00214,B00007,4505684,Steven,Conley,North Kelly,4377097359,Singer,1986-12-24
C00426,L00082,B00018,7505736,Emily,Deleon,Diazfort,5952291483,Architect,1913-08-30
C00431,L00483,B00035,9761315,Peter,Martinez,Geraldtown,1272345448,Surgeon,1958-01-06
C00434,L00239,B00004,4885745,Pamela,Schultz,Smithland,9121104329,Architect,1974-08-18
C00437,L00162,B00014,3539235,Rita,Riley,Reyesmouth,8540373501,Scientist,1930-08-28
C00438,L00203,B00033,3376916,Tonya,Lawson,Charlesville,5376539556,Architect,1975-06-15
C00440,L00118,B00006,8032484,Suzanne,Stone,East Aaron,6415952717,Painter,1924-05-05
C00446,L00168,B00012,5053004,Michael,Garcia,Lake Andrew,6866181202,Mechanic,1952-02-24
C00448,L00325,B00022,6155443,Sharon,Clark,Davisshire,9365265019,Doctor,1983-09-11
C00449,L00369,B00004,4035061,Cynthia,Conley,Millermouth,2082426689,Fireman,1935-05-18
C00450,L00193,B00042,6606388,Rebecca,White,Figueroaville,5437901578,Footballer,1979-02-08
C00452,L00201,B00017,3900977,Rebecca,Rodgers,Waltersbury,3095917660,Cameraman,1957-01-25
C00454,L00179,B00050,3082351,Chelsea,Cardenas,South Betty,6857699612,Secretary,2001-11-05
C00455,L00086,B00039,1166943,Todd,Jackson,Barronshire,6176686649,Housekeeper,1922-07-14
C00458,L00073,B00008,8922638,Rachel,Rocha,Kevinhaven,8696701582,Photographer,1957-03-04
C00459,L00454,B00041,2966001,Sarah,Herrera,Lake Danieltown,9908533519,American football player,1971-03-19
C00460,L00404,B00017,5086945,Wesley,Sexton,West Rebeccafurt,8251199476,American football player,1982-11-25
C00465,L00386,B00009,7866286,Lawrence,Martinez,West Tylermouth,7689804459,Journalist,1982-05-09
C00470,L00357,B00007,6088787,Joseph,Smith,Lake Robertfort,2538783224,Pope,1993-03-01
C00472,L00015,B00037,4527157,John,Ortega,Lake Andrew,8411700583,Pilot,1996-09-02
C00474,L00018,B00027,1805878,Rachel,Baker,Port John,9034335028,Painter,1969-01-20
C00475,L00372,B00031,9639215,Robin,Hoffman,New Allison,5933506497,Fireman,1975-01-10
C00477,L00462,B00029,9522866,Jessica,Schneider,Noahland,7715138005,Clown,2001-10-18
C00478,L00114,B00012,4021540,Emma,Huang,North Kimberlyland,4357727039,Reporter,1968-12-12
C00480,L00149,B00017,9263424,Sarah,Gonzalez,Port Crystal,3513502921,Pirate,1999-03-01
C00484,L00367,B00015,9409451,Angela,Jackson,Port Veronicaton,928887406,Detective,1941-06-08
C00485,L00136,B00007,6753867,Kevin,Wolfe,Vanessaville,6342038300,Gardener,1978-03-12
C00488,L00476,B00016,3072710,Maureen,Craig,New Caitlinburgh,9389212594,Pirate,1974-04-06
C00490,L00229,B00025,6247819,Gregory,Turner,West Howard,8849411841,Pope,1947-09-25
C00493,L00326,B00030,3026026,Jennifer,Anderson,Port Maryberg,2321313508,Police officer,2005-03-02
C00496,L00355,B00031,4149267,Melanie,Henderson,Meganfort,4439553220,Paramedic,1962-07-30
C00497,L00495,B00001,1793927,Valerie,Gamble,Lake Jeanette,1555815347,Paramedic,1984-12-23
C00500,L00363,B00033,7970168,Michael,Bell,North Zachary,527347815,Dentist,1942-04-14
C00503,L00332,B00036,4278329,Donna,Holt,Rebeccabury,9423007772,Businessman,1995-08-06
C00505,L00227,B00026,2525357,Diana,Gordon,Catherinemouth,180105469,Pilot,1956-07-01
C00508,L00079,B00004,3161150,Donna,Brooks,Huntertown,8468843694,Housekeeper,1999-10-08
C00511,L00062,B00047,636891,Shaun,Smith,New Dawntown,4158946596,Lifeguard,1969-06-09
C00512,L00107,B00048,9687831,Matthew,Allison,South Curtis,1131520799,Carpenter,1977-03-08
C00513,L00039,B00031,7960395,Rhonda,Thomas,Meghanborough,4097152110,Catholic nun,1940-04-09
C00515,L00395,B00004,3479894,Jose,Moore,Davidville,1449680993,Mechanic,1983-06-02
C00516,L00375,B00043,6149225,James,Davis,Brianville,5426424039,Lunchroom supervisor,1997-12-10
C00520,L00430,B00035,2798492,Linda,Holloway,Ericburgh,6326628177,Construction worker,1969-01-08
C00522,L00222,B00019,1474437,Louis,Lester,Mcleanfurt,5356142133,Singer,1953-06-04
C00523,L00382,B00031,2546279,James,Benitez,Shawnburgh,9200470156,Pilot,1989-11-28
C00524,L00093,B00036,3953293,Justin,Henderson,Williamsmouth,7093183963,Businessman,1926-10-28
C00527,L00137,B00039,3256864,Austin,Merritt,Lake Briannaport,844638930,Foreman,1934-06-24
C00528,L00368,B00050,2044564,Michael,White,Karenburgh,5171650591,Foreman,1917-06-28
C00529,L00419,B00014,6414090,Marc,Reynolds,Davidshire,6507349916,Scientist,1975-12-29
C00530,L00460,B00017,9874407,Jeanette,Boyd,Lake Davidfort,4757160463,Carpenter,1964-06-20
C00537,L00101,B00035,5665817,Jennifer,Morales,Whitneyville,1280235701,Lifeguard,1990-02-12
C00540,L00096,B00005,8512618,Cassandra,Salazar,Martinville,3453939637,Detective,1933-08-30
C00542,L00256,B00030,7803179,Jonathan,Smith,Patriciachester,1043620301,Surgeon,1962-09-14
C00544,L00453,B00041,1681036,Darius,Campos,Brianstad,5158984052,Doctor,1937-12-08
C00545,L00145,B00032,5599840,Jesus,Grant,New Ashleytown,6497490486,Fireman,1928-03-15
C00547,L00105,B00009,471970,Maria,Mills,Charlottebury,1492114525,Mechanic,1950-01-02
C00549,L00119,B00047,4781577,Jodi,Lopez,Josephland,6093262524,Magician,1989-02-27
C00551,L00003,B00028,3698741,Charles,Kelley,South Lori,2467571890,Clown,1935-10-01
C00552,L00090,B00013,9260645,Heather,Stanley,South Jacob,1816621297,Flight attendant,1957-09-27
C00557,L00341,B00003,8308165,Joshua,Ryan,New Scott,2764108932,Carpenter,1981-04-09
C00558,L00269,B00010,2116991,Sarah,Mccarthy,West Willieside,5627586363,Geisha,1971-02-26
C00559,L00471,B00044,8051960,Christopher,Brown,Chrisview,119525150,Builder,1929-10-19
C00560,L00401,B00030,1451150,James,Myers,East Sherry,5491067513,Builder,1962-11-12
C00561,L00113,B00048,219149,Cody,Owen,Atkinsonville,4727420154,Painter,1924-08-18
C00562,L00398,B00015,159208,Patrick,Peters,Lisamouth,5387383900,Farmer,1968-03-31
C00564,L00067,B00004,5964486,Judy,Johnson,Lake Katherine,2445285489,Student,1956-12-29
C00568,L00479,B00032,4352800,Larry,Valentine,Kathleenborough,1095534736,Train conductor,1962-06-04
C00577,L00202,B00034,4932769,Thomas,Howard,Shanehaven,6847519267,Carpenter,1922-09-13
C00578,L00457,B00026,9736808,Emily,Wallace,Port Karenview,685179407,Diver,1917-10-30
C00585,L00032,B00049,8858590,Joseph,Torres,Lynchmouth,3677931094,Painter,1973-05-05
C00587,L00197,B00045,1562252,Tiffany,Stephens,Robertberg,8297323151,Architect,1917-09-13
C00588,L00028,B00010,8683619,Amy,Logan,Jeremyfurt,5746721577,Cameraman,1990-02-27
C00589,L00429,B00039,6317489,Amber,Johnson,Ronaldstad,3464451802,Doctor,1947-08-21
C00591,L00484,B00005,5107994,Troy,Roberts,Cruzmouth,7001219690,Catholic nun,1984-02-23
C00592,L00009,B00045,9990503,David,Washington,Josephbury,7850262023,Professor,1998-10-20
C00596,L00280,B00008,4435258,Michael,Roy,South Michael,7270782236,Soldier,1931-06-27
C00599,L00296,B00040,5058303,Adam,Jackson,South Michellemouth,5133041526,Mechanic,1998-03-19
C00601,L00474,B00003,8915008,Lacey,Shaffer,New Danny,2977287347,Engineer,1993-04-02
C00602,L00142,B00039,548737,Austin,Jones,Port Robert,1948464566,Paramedic,1960-04-14
C00605,L00132,B00039,6211533,Lisa,Bowers,Lake Mark,6714658640,Pilot,1927-06-03
C00606,L00370,B00032,9672927,Joseph,Sawyer,Millsside,3139398075,Boxer,1926-03-19
C00607,L00299,B00003,2195531,Samantha,Mason,Robinstad,7226780725,Doorman,1986-06-21
C00608,L00314,B00021,2809823,Christopher,Gibson,Monroeville,7543605309,Housewife,1996-11-13
C00610,L00050,B00046,8091459,Collin,Baird,Williamsview,4965058954,Dentist,1957-12-17
C00612,L00295,B00048,8996243,Jeffrey,Miller,Port Marie,4171051323,Lunchroom supervisor,1977-08-08
C00614,L00428,B00049,8628588,Gary,Hernandez,North Bryan,1473956621,Paramedic,1942-09-14
C00615,L00287,B00044,5572928,Rose,Soto,East Ericchester,9606762231,Repairman,2000-08-21
C00619,L00486,B00045,9426289,Anthony,Hoffman,Jamietown,826688507,Librarian,1974-07-16
C00620,L00220,B00045,2448215,Jennifer,Young,South John,1500769411,Magician,1983-09-11
C00622,L00159,B00038,423553,Vickie,Rosario,Colleenview,8781833728,Mechanic,1968-01-07
C00624,L00340,B00047,2953803,Nancy,Hernandez,Pamelaview,1189929803,Lunchroom supervisor,1972-08-27
C00625,L00037,B00014,456021,Diana,Sampson,New Angela,9859034831,Pirate,1930-03-16
C00627,L00081,B00048,4258805,Samantha,Stark,Rojasborough,5087571905,Geisha,1914-05-22
C00632,L00170,B00004,7739709,Miranda,George,Patriciamouth,9049648517,Footballer,1953-04-19
C00633,L00436,B00046,8908918,Duane,White,Port Tinastad,1733499396,Professor,1991-07-24
C00634,L00171,B00034,1408756,Tiffany,Alexander,Julianbury,6989937436,Surgeon,1917-06-05
C00637,L00317,B00020,2772503,Kimberly,Schultz,Jasonbury,4277750077,Professor,1994-11-14
C00639,L00282,B00030,6904826,Kyle,Lee,West Jennifer,1888526996,Reporter,1920-04-15
C00640,L00058,B00001,5650127,Rachel,Andersen,South Michelleberg,9687800314,Flight attendant,1945-11-20
C00642,L00396,B00001,1284123,Regina,Ingram,Guzmanshire,8587549995,Nurse,1914-03-04
C00645,L00216,B00014,7961086,Gina,Romero,Port Jeremy,5322859007,Builder,1916-09-13
C00647,L00481,B00019,7336264,Tracy,Brown,Amytown,1456003361,Boxer,1982-01-10
C00650,L00210,B00001,2063150,James,Washington,East Markhaven,1764341408,Lunchroom supervisor,1925-04-04
C00651,L00385,B00006,7925886,Jeffrey,Lopez,Waltershire,2443530069,Flight attendant,1943-12-16
C00653,L00238,B00009,3941297,Manuel,Barnett,Hendersonshire,6403731882,Waiter,1944-01-24
C00655,L00406,B00047,5601882,Troy,Vaughn,Ortegafort,1079956890,Singer,1955-06-28
C00656,L00043,B00020,7918529,Elizabeth,Clark,Port Jennifer,1181812138,Magician,1972-09-18
C00657,L00308,B00048,6162676,Stephanie,Moore,Port Brenda,9718825007,Pirate,1976-07-21
C00658,L00134,B00023,8161926,Lisa,Carlson,Schmidtburgh,5180837363,Catholic nun,1992-08-18
C00659,L00180,B00048,8802441,Hannah,Dudley,Phillipville,3497245317,Photographer,2003-08-05
C00660,L00166,B00021,2042525,Nathan,Gomez,Nicholasburgh,615754833,Doctor,1941-06-08
C00661,L00233,B00027,7759526,Carlos,Krueger,Jasmineborough,8473640218,Pirate,1943-05-08
C00663,L00281,B00017,243927,Bruce,Lopez,Kaitlynburgh,5906079526,Geisha,1923-06-15
C00665,L00232,B00010,872831,Christopher,Sandoval,East Mark,5069430526,Magician,1966-06-04
C00666,L00477,B00033,5359520,Denise,Moran,South Joshua,1234891738,Professor,1917-09-09
C00667,L00129,B00044,5574246,Ricardo,Herman,Robynfurt,5365211022,Boxer,1941-06-18
C00669,L00346,B00041,5580375,Steven,Benson,West Kimberly,7346210623,Housekeeper,1947-06-30
C00672,L00122,B00048,7797073,Autumn,Richard,Port Michaelmouth,3859872735,Soldier,1958-04-03
C00673,L00267,B00028,8603024,Brittany,Miller,New Shawnport,6880141959,Singer,1964-11-22
C00675,L00440,B00035,3659058,Kayla,Hernandez,Palmerview,248221366,Catholic nun,1992-06-29
C00677,L00036,B00013,1445298,Robert,Sullivan,West Keithstad,1800822510,Diver,1959-04-28
C00680,L00309,B00016,6720877,Catherine,Stokes,South Aaronstad,6226361783,Construction worker,1994-09-06
C00681,L00333,B00018,4337752,Michael,Morrow,Lake Richardview,384848507,Photographer,1938-06-17
C00683,L00361,B00041,2116791,John,Young,Rachelton,777431358,Businessman,1935-12-21
C00686,L00085,B00005,2031299,Thomas,Miller,North Michael,8307052052,Clown,1998-02-18
C00687,L00274,B00040,710499,Jeffery,Jones,Curtismouth,6645266424,Flight attendant,1919-10-06
C00695,L00243,B00050,8508784,Andrew,Moore,Port Mariabury,9496641061,Architect,1968-12-10
C00699,L00480,B00028,9173277,Jessica,Smith,Lake Johnside,598630106,Detective,1919-06-07
C00700,L00458,B00049,575627,Jennifer,Hoffman,Seanside,7232298734,Foreman,1976-12-28
C00704,L00223,B00015,9663582,Leslie,Ferguson,Davenportfort,9439281266,Repairman,2003-11-01
C00705,L00057,B00044,5675019,Gerald,Medina,Brownchester,2215603273,Train conductor,1984-05-11
C00706,L00187,B00002,4517968,Jerome,Gardner,Lake Brittany,627110439,Electrician,1982-12-29
C00707,L00244,B00005,3497432,Jeremy,Hale,Youngfort,7173531904,Housekeeper,2004-05-08
C00708,L00231,B00044,9737273,Randy,Cruz,Roseport,2050896553,Flight attendant,1965-09-13
C00715,L00491,B00013,4659619,Todd,Taylor,Aguilarside,406762013,Pope,1933-06-28
C00719,L00447,B00007,2593757,Chase,Weber,Odonnellborough,9539864747,Soldier,1921-11-18
C00724,L00140,B00050,4981533,Jeremy,Boyle,West Steven,9669114724,Pope,1916-10-08
C00726,L00278,B00011,6869194,Anna,Rivera,West Jacobview,1539517533,Electrician,1981-09-23
C00731,L00303,B00034,7759438,Erik,Perry,New Johnmouth,5748715244,Lifeguard,1933-12-17
C00732,L00331,B00006,2582374,Lawrence,Richardson,Virginiamouth,9717646397,Student,1978-07-13
C00733,L00034,B00047,2386076,Stefanie,Mendez,Port Morganton,4288957370,Lifeguard,1968-06-24
C00734,L00127,B00018,8620845,Sandra,Foster,Lake Taylor,7261317870,Lifeguard,1935-05-17
C00735,L00360,B00038,4405520,Seth,Hughes,Troyland,6075823006,Repairman,1970-03-24
C00738,L00434,B00034,3896888,Alan,Baker,Lake Pamelaview,8621916627,Flight attendant,1972-12-10
C00743,L00277,B00003,3730722,Anthony,Greene,Port Kathleen,4872286829,Reporter,1923-12-12
C00745,L00335,B00017,2848103,Gina,Phillips,Sheilafort,5859022928,Paramedic,1925-04-17
C00746,L00224,B00010,6623691,Nicole,Garcia,East Amy,337615304,Repairman,1957-05-01
C00747,L00077,B00023,3594985,Sandra,Cortez,Huntermouth,9049541069,Lifeguard,1939-02-14
C00749,L00083,B00014,3265082,Maria,Love,Jonesmouth,2095094750,Magician,1958-07-01
C00750,L00288,B00022,4099271,Patricia,Griffin,Kaylamouth,8432057605,Scientist,1995-11-07
C00753,L00421,B00036,6533001,Lauren,Jackson,New Ashleyside,6769484360,Foreman,1976-11-26
C00754,L00496,B00035,9803734,Alicia,Sweeney,Joannaton,3378702219,Lifeguard,1971-11-04
C00758,L00371,B00001,1351183,Jose,Reynolds,Port Christophermouth,306159248,Lunchroom supervisor,1941-06-02
C00763,L00307,B00033,4934415,Tammie,Walker,Nicolemouth,6819153333,Cameraman,1957-10-27
C00765,L00374,B00023,1005614,Brittany,Alexander,East Brian,897219297,Businessman,2002-01-04
C00767,L00205,B00011,8777893,Elaine,Chambers,Mileschester,8108109072,Detective,1985-09-23
C00771,L00273,B00043,5342256,Tracy,Lee,Georgehaven,3401007638,Paramedic,1943-10-03
C00772,L00041,B00041,1609094,Catherine,Singleton,Lake Alexander,1786388380,Construction worker,1914-01-11
C00774,L00351,B00026,5677907,Ashley,Holt,Douglasberg,9889576456,Police officer,1994-05-30
C00776,L00249,B00008,1427957,Sean,Johnson,Georgemouth,4629969230,Magician,1918-10-02
C00778,L00069,B00023,5779239,Jeffrey,Cooper,Grossland,1596471441,Catholic nun,1958-11-15
C00780,L00022,B00009,7736110,Sydney,Johns,South Lynnview,4833751857,Boxer,2004-11-22
C00781,L00354,B00018,5067379,Jill,Morales,Jasonborough,9605193043,Clown,1992-09-09
C00782,L00268,B00018,853568,Corey,Walker,North John,2269573622,Singer,1948-01-30
C00788,L00415,B00026,4056418,Jared,Smith,Hayesbury,9949081147,Police officer,1966-04-30
C00791,L00054,B00005,5931966,Zachary,Copeland,West Jennifer,9081856664,Housekeeper,1991-11-10
C00792,L00441,B00040,5680357,Joseph,Mason,Bradleyville,2680128732,Mechanic,1958-08-05
C00794,L00304,B00030,7709442,Angel,Torres,South Danielshire,5235219598,Forest ranger,1912-10-01
C00795,L00377,B00038,7081525,Austin,Edwards,Port Helen,2172122234,Foreman,1950-10-11
C00796,L00006,B00017,8080934,Michael,Clark,Rachaeltown,5625827588,Foreman,1995-05-22
C00797,L00394,B00018,369837,Samantha,Wolf,Delgadoshire,5016349614,Engineer,1932-01-19
C00801,L00387,B00043,673387,Regina,Brock,North Melissa,6315700438,Pirate,1975-11-14
C00802,L00130,B00020,5252787,Maria,Brown,Collinschester,6438009102,Train conductor,1949-12-19
C00804,L00328,B00035,8102368,Victoria,Diaz,East Dylan,58215012,Salesman,1962-02-09
C00806,L00443,B00013,6083958,Angelica,Ellis,West Kimberly,4218325294,Gardener,1960-06-06
C00807,L00407,B00008,7960813,Angelica,Hall,Port Carolynchester,1588406086,Gardener,2001-05-29
C00814,L00334,B00027,4523226,Ernest,Taylor,Whitneyfurt,9492652610,American football player,1950-04-07
C00815,L00120,B00027,9364701,Katherine,Bentley,Williamsfurt,8037247410,Pope,1998-02-02
C00816,L00411,B00007,1259615,Michael,Rose,Johnsonton,6014387863,Photographer,1984-05-15
C00817,L00488,B00034,4574818,Mary,Juarez,Keithchester,48596187,Geisha,1988-07-12
C00818,L00324,B00043,7309427,Maria,Russo,East Paulaton,5755121463,Postman,1997-04-08
C00821,L00330,B00039,4966367,Nathan,Lee,East Diane,8226754591,Salesman,1940-09-23
C00822,L00312,B00041,8848629,Joshua,Jones,Davisburgh,1143502929,Waiter,1978-09-03
C00824,L00378,B00003,7382593,Miguel,Melendez,Marvinton,6925948198,Pope,1940-09-24
C00826,L00448,B00008,3639390,Lauren,Taylor,New Michael,6176003657,Postman,1975-01-14
C00827,L00353,B00017,2193516,Christine,Montgomery,Lake Stephen,8918131746,Fireman,1989-09-12
C00833,L00124,B00037,1896386,Luke,Williams,Gallowayview,1425583431,Gardener,1998-03-11
C00834,L00160,B00018,9801898,Anthony,Frost,West Robertstad,9016392697,Nurse,1993-03-17
C00835,L00264,B00027,9994199,Lynn,Stevens,Brentstad,8346262998,Clown,1944-10-09
C00836,L00167,B00011,448951,Brenda,Barton,New Saratown,244281531,Foreman,1926-12-19
C00837,L00008,B00029,5831132,Tyler,Durham,Larsonbury,8858959798,Carpenter,1977-11-17
C00838,L00195,B00014,4182727,Madeline,Turner,Richardfurt,8931101808,Clown,1942-03-23
C00839,L00068,B00001,3541640,David,Black,Johnsonville,4089784418,Electrician,1976-12-08
C00840,L00212,B00006,8309955,Andre,Frank,North Arthurview,3753566291,Train conductor,1965-12-06
C00841,L00075,B00011,2458836,Anthony,Watson,East Williambury,8534415305,Dentist,1925-03-31
C00843,L00174,B00041,7255236,Linda,Jordan,Port Amberchester,6297765156,Carpenter,1976-03-04
C00845,L00373,B00039,9145351,Dennis,Griffin,Martinezview,380962141,Forest ranger,1963-06-29
C00849,L00100,B00050,8083587,Victoria,Vasquez,Rodriguezport,3179665847,Scientist,1988-02-08
C00852,L00320,B00033,7356066,Chase,Moore,Sarahmouth,9191693480,Boxer,1952-04-06
C00853,L00194,B00037,3260168,Gregory,Reyes,East Ericmouth,5060089695,Reporter,1958-08-02
C00858,L00283,B00045,4024372,Rebecca,Caldwell,East Melissaville,2357865687,Police officer,1976-07-23
C00859,L00452,B00016,8233221,Jillian,Wood,Port Christine,2296295341,Pilot,1980-06-15
C00860,L00235,B00005,9001821,Katelyn,Sanchez,Leechester,2024592079,Painter,1925-10-01
C00861,L00064,B00005,2990574,Kayla,Higgins,Lake Kenneth,3357513623,Forest ranger,1973-02-23
C00863,L00206,B00005,5612360,Jon,Taylor,North Christopher,8361872967,Forest ranger,1991-05-26
C00866,L00175,B00023,7363706,Maria,Chandler,Ingramville,7809356736,Pope,1991-07-04
C00868,L00431,B00013,5065169,Traci,Higgins,Reeseview,2631109311,Salesman,1966-01-03
C00870,L00246,B00046,6606539,Danielle,Parrish,Lauraton,4474949950,Footballer,1989-09-27
C00872,L00349,B00016,7212010,Kimberly,Johnston,Hallmouth,7962162180,Boxer,1936-07-06
C00874,L00364,B00040,9102259,Craig,Jones,Anthonyberg,3224254655,Foreman,1952-06-19
C00877,L00111,B00018,5212600,Joseph,Foster,South Rodneytown,2489069485,Pilot,1958-10-14
C00880,L00252,B00009,4459619,Suzanne,Boyd,South Jeremyland,5532892895,Pope,1946-06-07
C00881,L00456,B00039,4526152,Amy,Hanson,East Cameronbury,8298318914,Catholic nun,1963-09-07
C00883,L00217,B00049,8542409,Shawn,Wong,Lake Jessicaburgh,3113784051,Nurse,1928-06-27
C00885,L00485,B00031,5002962,Jennifer,Terry,Cruztown,1304505528,Businessman,1994-07-17
C00887,L00319,B00016,1639478,John,Knight,North Danielbury,1785119234,Priest,1933-09-09
C00888,L00259,B00022,3338532,Patrick,Johnson,Carterport,8014826945,Magician,1937-04-08
C00889,L00466,B00025,3851731,Scott,Gordon,East Curtis,6028466135,Pope,1993-05-28
C00891,L00322,B00046,234888,Patricia,Young,Lawrenceberg,8455413354,Businessman,1970-03-25
C00892,L00433,B00020,8521701,Robin,Taylor,Francisborough,3068081899,Fireman,2004-05-03
C00897,L00461,B00043,1965615,Veronica,White,Hillberg,296500846,Photographer,1991-02-16
C00903,L00011,B00026,6844929,Edward,Nash,Lake Jacob,8263871651,Footballer,1951-01-26
C00904,L00131,B00004,6407951,Elizabeth,Campbell,Wilcoxmouth,9542534115,Postman,1971-07-25
C00905,L00459,B00019,9365260,Nancy,Hughes,West Christophermouth,7375456795,Salesman,1962-03-15
C00907,L00260,B00043,5583877,John,Mahoney,West Henrybury,1000767789,Farmer,2001-10-28
C00908,L00225,B00043,2653057,Katie,Vega,Jacksonmouth,7127334020,Mechanic,1921-07-30
C00909,L00275,B00046,4603156,Kelly,Small,Herrerafort,8942079668,Surgeon,1926-12-09
C00910,L00245,B00034,3208279,Tina,Proctor,Davidfurt,2320985599,Doorman,1991-05-04
C00914,L00027,B00019,3426095,Rodney,George,Port Brian,7086601524,Boxer,1927-08-11
C00915,L00228,B00030,9367816,Shane,Torres,West Matthewfort,790022069,Electrician,1957-02-17
C00916,L00410,B00047,6339910,Jeff,Patel,Sharpborough,3336267813,Scientist,1969-12-27
C00917,L00435,B00005,214840,Robin,Mueller,Port Kristenburgh,6201987598,Lunchroom supervisor,2004-09-29
C00918,L00327,B00021,7566541,Kyle,Gonzalez,Lindsayland,3749993801,Detective,1993-04-09
C00920,L00482,B00007,8211812,Chad,Walker,Flynnmouth,931557499,Geisha,1996-10-20
C00924,L00359,B00005,5516788,Paul,Mendoza,Mitchellstad,9074613684,Singer,1983-06-13
C00925,L00286,B00039,8676685,Matthew,Brown,East Caroline,1347670727,Mechanic,2002-07-16
C00926,L00139,B00039,1488290,Raymond,Hutchinson,New Tinaport,3823662231,Businessman,2003-04-28
C00927,L00192,B00017,2806956,Timothy,Cooper,East Melissabury,123173462,Doorman,1975-12-18
C00931,L00013,B00005,3289388,Kelsey,Carter,Javierview,7902377040,Builder,1940-05-22
C00932,L00473,B00035,6321199,Katherine,Sanchez,East Noahshire,3259904163,Paramedic,1957-05-27
C00933,L00154,B00040,6485809,Eduardo,Williams,North Seanfurt,8564229979,Nurse,1937-10-21
C00934,L00432,B00013,6618998,Angela,Pollard,Joelborough,8015235657,Lifeguard,1975-05-12
C00935,L00110,B00016,8053426,Emily,Smith,South Jason,6136349495,Waiter,1964-07-06
C00936,L00146,B00016,5006866,Jonathan,Thompson,West Johnnyberg,1953449276,Cameraman,1929-09-12
C00938,L00065,B00022,1091366,Loretta,Williams,East John,5843982906,Businessman,1988-01-10
C00940,L00188,B00039,143256,James,Clay,Smithborough,5381189558,Professor,1968-12-20
C00941,L00455,B00002,5500969,Richard,Callahan,East Austin,298581512,Mechanic,1929-02-08
C00944,L00439,B00029,7086805,Sarah,Garcia,North James,6765324892,Journalist,1988-06-03
C00945,L00070,B00005,3740415,Mary,Rodriguez,East Scott,1795039790,Gardener,1978-09-02
C00946,L00044,B00033,7348617,Michelle,Lee,Lake Stacy,8732071657,Electrician,1983-07-12
C00947,L00450,B00015,9802920,Darius,Burns,Port Natashaview,8930451370,Businessman,1954-04-09
C00948,L00190,B00044,5137107,Allen,Contreras,New Jonathanborough,3453114999,Foreman,1953-11-19
C00949,L00204,B00004,9225677,Tanner,Harris,Jacobfurt,6070766052,Builder,1929-04-01
C00950,L00048,B00044,5443163,Brenda,Ramirez,Cummingsfort,4342036418,Farmer,1948-04-04
C00953,L00165,B00050,2648491,Christopher,Thomas,New Phillipport,2815605838,Diver,1973-02-21
C00954,L00489,B00004,1872253,David,Young,Riversberg,616941466,American football player,1947-06-06
C00955,L00063,B00014,2643081,Amy,Sanchez,Lake Tyrone,6987000423,Detective,1955-07-08
C00957,L00297,B00037,2951770,Kayla,Taylor,Holmesshire,3178955972,Soldier,1939-06-04
C00962,L00052,B00031,8754024,Carl,Miller,Davidville,6143656433,Doorman,1931-10-08
C00963,L00250,B00007,4786640,Kenneth,Alvarez,Hernandezstad,5922168246,Flight attendant,1955-11-10
C00964,L00240,B00018,2825797,Nathan,Woods,East Virginia,5126616991,Photographer,1927-10-20
C00966,L00423,B00046,1516862,Teresa,Ferrell,Lake Rebekah,6767577685,Foreman,1964-07-03
C00968,L00178,B00035,3369246,Amy,Bender,Hickstown,8118508451,Construction worker,1994-10-31
C00971,L00147,B00033,7365937,Justin,Riley,West Markmouth,3963583780,Secretary,1942-08-19
C00972,L00135,B00010,2997150,Andrew,Patterson,Whiteland,2866601033,Train conductor,1932-05-30
C00973,L00133,B00011,3635764,Selena,Wilson,Stefaniefort,1023620914,Flight attendant,1959-07-13
C00974,L00004,B00004,7179821,Jordan,Blair,Phamhaven,6605181613,Businessman,1942-04-27
C00976,L00376,B00003,2932096,Samantha,Sloan,North Kimberly,484672769,Foreman,1940-12-30
C00979,L00493,B00006,4313794,Jeremy,Jackson,Michaelberg,986895659,Forest ranger,1932-01-26
C00981,L00490,B00032,6064174,Matthew,Perez,North Nicole,2355911423,Doctor,1988-07-13
C00986,L00056,B00001,5364673,Richard,Carr,West Amandamouth,5422723113,Paramedic,1996-05-11
C00987,L00336,B00011,5425169,Tina,Stewart,Michellefurt,2230937975,Carpenter,1987-08-01
C00988,L00098,B00022,6538833,Victor,Baird,Jonesville,3361350401,Carpenter,1961-06-11
C00989,L00399,B00043,5867847,Jeremy,Brewer,Lloydbury,293308808,Student,1948-01-31
C00990,L00356,B00030,3468272,Brenda,Young,Hannahmouth,9798835061,Electrician,1953-02-01
C00992,L00033,B00047,1090905,Allison,Gay,East William,2849598486,Foreman,1923-07-07
C00996,L00384,B00005,4612756,Jorge,Harrison,Cooperview,1221968905,Paramedic,1937-07-29
C00997,L00076,B00021,2983682,Margaret,Lewis,Carrieville,3974819031,Surgeon,1993-02-12
C00999,L00226,B00009,786795,Peter,Durham,West Bryanfurt,5217332573,Fireman,1977-12-15
C01000,L00469,B00042,4498839,Samuel,Rose,West Roberto,4333591470,Cameraman,1913-04-09
